combo,results_dir,accuracy,best_model,final_model,error,accuracy_disp
A,/home/vpopescu/projects/ASVspoof/results/combo_A,0.823338,/home/vpopescu/projects/ASVspoof/results/combo_A/best_model.keras,/home/vpopescu/projects/ASVspoof/results/combo_A/final_model.keras,,0.823338
AH,/home/vpopescu/projects/ASVspoof/results/combo_AH,0.821446,/home/vpopescu/projects/ASVspoof/results/combo_AH/best_model.keras,/home/vpopescu/projects/ASVspoof/results/combo_AH/final_model.keras,,0.821446
AHK,/home/vpopescu/projects/ASVspoof/results/combo_AHK,0.813677,/home/vpopescu/projects/ASVspoof/results/combo_AHK/best_model.keras,/home/vpopescu/projects/ASVspoof/results/combo_AHK/final_model.keras,,0.813677
AHKL,/home/vpopescu/projects/ASVspoof/results/combo_AHKL,0.822251,/home/vpopescu/projects/ASVspoof/results/combo_AHKL/best_model.keras,/home/vpopescu/projects/ASVspoof/results/combo_AHKL/final_model.keras,,0.822251
AHKLM,/home/vpopescu/projects/ASVspoof/results/combo_AHKLM,0.959467,/home/vpopescu/projects/ASVspoof/results/combo_AHKLM/best_model.keras,/home/vpopescu/projects/ASVspoof/results/combo_AHKLM/final_model.keras,,0.959467
AHKLMN,/home/vpopescu/projects/ASVspoof/results/combo_AHKLMN,0.964015,/home/vpopescu/projects/ASVspoof/results/combo_AHKLMN/best_model.keras,/home/vpopescu/projects/ASVspoof/results/combo_AHKLMN/final_model.keras,,0.964015
AHKLMNO,/home/vpopescu/projects/ASVspoof/results/combo_AHKLMNO,0.96788,/home/vpopescu/projects/ASVspoof/results/combo_AHKLMNO/best_model.keras,/home/vpopescu/projects/ASVspoof/results/combo_AHKLMNO/final_model.keras,,0.96788
AHKLMO,/home/vpopescu/projects/ASVspoof/results/combo_AHKLMO,0.96639,/home/vpopescu/projects/ASVspoof/results/combo_AHKLMO/best_model.keras,/home/vpopescu/projects/ASVspoof/results/combo_AHKLMO/final_model.keras,,0.96639
AHKLN,/home/vpopescu/projects/ASVspoof/results/combo_AHKLN,0.822653,/home/vpopescu/projects/ASVspoof/results/combo_AHKLN/best_model.keras,/home/vpopescu/projects/ASVspoof/results/combo_AHKLN/final_model.keras,,0.822653
AHKLNO,/home/vpopescu/projects/ASVspoof/results/combo_AHKLNO,0.827564,/home/vpopescu/projects/ASVspoof/results/combo_AHKLNO/best_model.keras,/home/vpopescu/projects/ASVspoof/results/combo_AHKLNO/final_model.keras,,0.827564
AHKLO,/home/vpopescu/projects/ASVspoof/results/combo_AHKLO,0.808847,/home/vpopescu/projects/ASVspoof/results/combo_AHKLO/best_model.keras,/home/vpopescu/projects/ASVspoof/results/combo_AHKLO/final_model.keras,,0.808847
AHKM,/home/vpopescu/projects/ASVspoof/results/combo_AHKM,0.966914,/home/vpopescu/projects/ASVspoof/results/combo_AHKM/best_model.keras,/home/vpopescu/projects/ASVspoof/results/combo_AHKM/final_model.keras,,0.966914
AHKMN,/home/vpopescu/projects/ASVspoof/results/combo_AHKMN,0.958421,/home/vpopescu/projects/ASVspoof/results/combo_AHKMN/best_model.keras,/home/vpopescu/projects/ASVspoof/results/combo_AHKMN/final_model.keras,,0.958421
AHKMNO,/home/vpopescu/projects/ASVspoof/results/combo_AHKMNO,0.972951,/home/vpopescu/projects/ASVspoof/results/combo_AHKMNO/best_model.keras,/home/vpopescu/projects/ASVspoof/results/combo_AHKMNO/final_model.keras,,0.972951
AHKMO,/home/vpopescu/projects/ASVspoof/results/combo_AHKMO,0.955039,/home/vpopescu/projects/ASVspoof/results/combo_AHKMO/best_model.keras,/home/vpopescu/projects/ASVspoof/results/combo_AHKMO/final_model.keras,,0.955039
AHKN,/home/vpopescu/projects/ASVspoof/results/combo_AHKN,0.82052,/home/vpopescu/projects/ASVspoof/results/combo_AHKN/best_model.keras,/home/vpopescu/projects/ASVspoof/results/combo_AHKN/final_model.keras,,0.82052
AHKNO,/home/vpopescu/projects/ASVspoof/results/combo_AHKNO,0.809089,/home/vpopescu/projects/ASVspoof/results/combo_AHKNO/best_model.keras,/home/vpopescu/projects/ASVspoof/results/combo_AHKNO/final_model.keras,,0.809089
AHKO,/home/vpopescu/projects/ASVspoof/results/combo_AHKO,0.820802,/home/vpopescu/projects/ASVspoof/results/combo_AHKO/best_model.keras,/home/vpopescu/projects/ASVspoof/results/combo_AHKO/final_model.keras,,0.820802
AHL,/home/vpopescu/projects/ASVspoof/results/combo_AHL,0.82857,/home/vpopescu/projects/ASVspoof/results/combo_AHL/best_model.keras,/home/vpopescu/projects/ASVspoof/results/combo_AHL/final_model.keras,,0.82857
AHLM,/home/vpopescu/projects/ASVspoof/results/combo_AHLM,0.957897,/home/vpopescu/projects/ASVspoof/results/combo_AHLM/best_model.keras,/home/vpopescu/projects/ASVspoof/results/combo_AHLM/final_model.keras,,0.957897
AHLMN,/home/vpopescu/projects/ASVspoof/results/combo_AHLMN,0.965505,/home/vpopescu/projects/ASVspoof/results/combo_AHLMN/best_model.keras,/home/vpopescu/projects/ASVspoof/results/combo_AHLMN/final_model.keras,,0.965505
AHLMNO,/home/vpopescu/projects/ASVspoof/results/combo_AHLMNO,0.972508,/home/vpopescu/projects/ASVspoof/results/combo_AHLMNO/best_model.keras,/home/vpopescu/projects/ASVspoof/results/combo_AHLMNO/final_model.keras,,0.972508
AHLMO,/home/vpopescu/projects/ASVspoof/results/combo_AHLMO,0.96639,/home/vpopescu/projects/ASVspoof/results/combo_AHLMO/best_model.keras,/home/vpopescu/projects/ASVspoof/results/combo_AHLMO/final_model.keras,,0.96639
AHLN,/home/vpopescu/projects/ASVspoof/results/combo_AHLN,0.826276,/home/vpopescu/projects/ASVspoof/results/combo_AHLN/best_model.keras,/home/vpopescu/projects/ASVspoof/results/combo_AHLN/final_model.keras,,0.826276
AHLNO,/home/vpopescu/projects/ASVspoof/results/combo_AHLNO,0.812872,/home/vpopescu/projects/ASVspoof/results/combo_AHLNO/best_model.keras,/home/vpopescu/projects/ASVspoof/results/combo_AHLNO/final_model.keras,,0.812872
AHLO,/home/vpopescu/projects/ASVspoof/results/combo_AHLO,0.816736,/home/vpopescu/projects/ASVspoof/results/combo_AHLO/best_model.keras,/home/vpopescu/projects/ASVspoof/results/combo_AHLO/final_model.keras,,0.816736
AHM,/home/vpopescu/projects/ASVspoof/results/combo_AHM,0.968644,/home/vpopescu/projects/ASVspoof/results/combo_AHM/best_model.keras,/home/vpopescu/projects/ASVspoof/results/combo_AHM/final_model.keras,,0.968644
AHMN,/home/vpopescu/projects/ASVspoof/results/combo_AHMN,0.958099,/home/vpopescu/projects/ASVspoof/results/combo_AHMN/best_model.keras,/home/vpopescu/projects/ASVspoof/results/combo_AHMN/final_model.keras,,0.958099
AHMNO,/home/vpopescu/projects/ASVspoof/results/combo_AHMNO,0.955804,/home/vpopescu/projects/ASVspoof/results/combo_AHMNO/best_model.keras,/home/vpopescu/projects/ASVspoof/results/combo_AHMNO/final_model.keras,,0.955804
AHMO,/home/vpopescu/projects/ASVspoof/results/combo_AHMO,0.969691,/home/vpopescu/projects/ASVspoof/results/combo_AHMO/best_model.keras,/home/vpopescu/projects/ASVspoof/results/combo_AHMO/final_model.keras,,0.969691
AHN,/home/vpopescu/projects/ASVspoof/results/combo_AHN,0.829013,/home/vpopescu/projects/ASVspoof/results/combo_AHN/best_model.keras,/home/vpopescu/projects/ASVspoof/results/combo_AHN/final_model.keras,,0.829013
AHNO,/home/vpopescu/projects/ASVspoof/results/combo_AHNO,0.812349,/home/vpopescu/projects/ASVspoof/results/combo_AHNO/best_model.keras,/home/vpopescu/projects/ASVspoof/results/combo_AHNO/final_model.keras,,0.812349
AHO,/home/vpopescu/projects/ASVspoof/results/combo_AHO,0.812027,/home/vpopescu/projects/ASVspoof/results/combo_AHO/best_model.keras,/home/vpopescu/projects/ASVspoof/results/combo_AHO/final_model.keras,,0.812027
AK,/home/vpopescu/projects/ASVspoof/results/combo_AK,0.824263,/home/vpopescu/projects/ASVspoof/results/combo_AK/best_model.keras,/home/vpopescu/projects/ASVspoof/results/combo_AK/final_model.keras,,0.824263
AKL,/home/vpopescu/projects/ASVspoof/results/combo_AKL,0.828651,/home/vpopescu/projects/ASVspoof/results/combo_AKL/best_model.keras,/home/vpopescu/projects/ASVspoof/results/combo_AKL/final_model.keras,,0.828651
AKLM,/home/vpopescu/projects/ASVspoof/results/combo_AKLM,0.96478,/home/vpopescu/projects/ASVspoof/results/combo_AKLM/best_model.keras,/home/vpopescu/projects/ASVspoof/results/combo_AKLM/final_model.keras,,0.96478
AKLMN,/home/vpopescu/projects/ASVspoof/results/combo_AKLMN,0.956569,/home/vpopescu/projects/ASVspoof/results/combo_AKLMN/best_model.keras,/home/vpopescu/projects/ASVspoof/results/combo_AKLMN/final_model.keras,,0.956569
AKLMNO,/home/vpopescu/projects/ASVspoof/results/combo_AKLMNO,0.959226,/home/vpopescu/projects/ASVspoof/results/combo_AKLMNO/best_model.keras,/home/vpopescu/projects/ASVspoof/results/combo_AKLMNO/final_model.keras,,0.959226
AKLMO,/home/vpopescu/projects/ASVspoof/results/combo_AKLMO,0.943648,/home/vpopescu/projects/ASVspoof/results/combo_AKLMO/best_model.keras,/home/vpopescu/projects/ASVspoof/results/combo_AKLMO/final_model.keras,,0.943648
AKLN,/home/vpopescu/projects/ASVspoof/results/combo_AKLN,0.832434,/home/vpopescu/projects/ASVspoof/results/combo_AKLN/best_model.keras,/home/vpopescu/projects/ASVspoof/results/combo_AKLN/final_model.keras,,0.832434
AKLNO,/home/vpopescu/projects/ASVspoof/results/combo_AKLNO,0.824102,/home/vpopescu/projects/ASVspoof/results/combo_AKLNO/best_model.keras,/home/vpopescu/projects/ASVspoof/results/combo_AKLNO/final_model.keras,,0.824102
AKLO,/home/vpopescu/projects/ASVspoof/results/combo_AKLO,0.829053,/home/vpopescu/projects/ASVspoof/results/combo_AKLO/best_model.keras,/home/vpopescu/projects/ASVspoof/results/combo_AKLO/final_model.keras,,0.829053
AKM,/home/vpopescu/projects/ASVspoof/results/combo_AKM,0.965787,/home/vpopescu/projects/ASVspoof/results/combo_AKM/best_model.keras,/home/vpopescu/projects/ASVspoof/results/combo_AKM/final_model.keras,,0.965787
AKMN,/home/vpopescu/projects/ASVspoof/results/combo_AKMN,0.957535,/home/vpopescu/projects/ASVspoof/results/combo_AKMN/best_model.keras,/home/vpopescu/projects/ASVspoof/results/combo_AKMN/final_model.keras,,0.957535
AKMNO,/home/vpopescu/projects/ASVspoof/results/combo_AKMNO,0.951779,/home/vpopescu/projects/ASVspoof/results/combo_AKMNO/best_model.keras,/home/vpopescu/projects/ASVspoof/results/combo_AKMNO/final_model.keras,,0.951779
AKMO,/home/vpopescu/projects/ASVspoof/results/combo_AKMO,0.968765,/home/vpopescu/projects/ASVspoof/results/combo_AKMO/best_model.keras,/home/vpopescu/projects/ASVspoof/results/combo_AKMO/final_model.keras,,0.968765
AKN,/home/vpopescu/projects/ASVspoof/results/combo_AKN,0.818065,/home/vpopescu/projects/ASVspoof/results/combo_AKN/best_model.keras,/home/vpopescu/projects/ASVspoof/results/combo_AKN/final_model.keras,,0.818065
AKNO,/home/vpopescu/projects/ASVspoof/results/combo_AKNO,0.809048,/home/vpopescu/projects/ASVspoof/results/combo_AKNO/best_model.keras,/home/vpopescu/projects/ASVspoof/results/combo_AKNO/final_model.keras,,0.809048
AKO,/home/vpopescu/projects/ASVspoof/results/combo_AKO,0.812027,/home/vpopescu/projects/ASVspoof/results/combo_AKO/best_model.keras,/home/vpopescu/projects/ASVspoof/results/combo_AKO/final_model.keras,,0.812027
AL,/home/vpopescu/projects/ASVspoof/results/combo_AL,0.827483,/home/vpopescu/projects/ASVspoof/results/combo_AL/best_model.keras,/home/vpopescu/projects/ASVspoof/results/combo_AL/final_model.keras,,0.827483
ALM,/home/vpopescu/projects/ASVspoof/results/combo_ALM,0.964176,/home/vpopescu/projects/ASVspoof/results/combo_ALM/best_model.keras,/home/vpopescu/projects/ASVspoof/results/combo_ALM/final_model.keras,,0.964176
ALMN,/home/vpopescu/projects/ASVspoof/results/combo_ALMN,0.968081,/home/vpopescu/projects/ASVspoof/results/combo_ALMN/best_model.keras,/home/vpopescu/projects/ASVspoof/results/combo_ALMN/final_model.keras,,0.968081
ALMNO,/home/vpopescu/projects/ASVspoof/results/combo_ALMNO,0.962929,/home/vpopescu/projects/ASVspoof/results/combo_ALMNO/best_model.keras,/home/vpopescu/projects/ASVspoof/results/combo_ALMNO/final_model.keras,,0.962929
ALMO,/home/vpopescu/projects/ASVspoof/results/combo_ALMO,0.954919,/home/vpopescu/projects/ASVspoof/results/combo_ALMO/best_model.keras,/home/vpopescu/projects/ASVspoof/results/combo_ALMO/final_model.keras,,0.954919
ALN,/home/vpopescu/projects/ASVspoof/results/combo_ALN,0.824706,/home/vpopescu/projects/ASVspoof/results/combo_ALN/best_model.keras,/home/vpopescu/projects/ASVspoof/results/combo_ALN/final_model.keras,,0.824706
ALNO,/home/vpopescu/projects/ASVspoof/results/combo_ALNO,0.81734,/home/vpopescu/projects/ASVspoof/results/combo_ALNO/best_model.keras,/home/vpopescu/projects/ASVspoof/results/combo_ALNO/final_model.keras,,0.81734
ALO,/home/vpopescu/projects/ASVspoof/results/combo_ALO,0.829094,/home/vpopescu/projects/ASVspoof/results/combo_ALO/best_model.keras,/home/vpopescu/projects/ASVspoof/results/combo_ALO/final_model.keras,,0.829094
AM,/home/vpopescu/projects/ASVspoof/results/combo_AM,0.963734,/home/vpopescu/projects/ASVspoof/results/combo_AM/best_model.keras,/home/vpopescu/projects/ASVspoof/results/combo_AM/final_model.keras,,0.963734
AMN,/home/vpopescu/projects/ASVspoof/results/combo_AMN,0.95673,/home/vpopescu/projects/ASVspoof/results/combo_AMN/best_model.keras,/home/vpopescu/projects/ASVspoof/results/combo_AMN/final_model.keras,,0.95673
AMNO,/home/vpopescu/projects/ASVspoof/results/combo_AMNO,0.962607,/home/vpopescu/projects/ASVspoof/results/combo_AMNO/best_model.keras,/home/vpopescu/projects/ASVspoof/results/combo_AMNO/final_model.keras,,0.962607
AMO,/home/vpopescu/projects/ASVspoof/results/combo_AMO,0.963492,/home/vpopescu/projects/ASVspoof/results/combo_AMO/best_model.keras,/home/vpopescu/projects/ASVspoof/results/combo_AMO/final_model.keras,,0.963492
AN,/home/vpopescu/projects/ASVspoof/results/combo_AN,0.825994,/home/vpopescu/projects/ASVspoof/results/combo_AN/best_model.keras,/home/vpopescu/projects/ASVspoof/results/combo_AN/final_model.keras,,0.825994
ANO,/home/vpopescu/projects/ASVspoof/results/combo_ANO,0.801521,/home/vpopescu/projects/ASVspoof/results/combo_ANO/best_model.keras,/home/vpopescu/projects/ASVspoof/results/combo_ANO/final_model.keras,,0.801521
AO,/home/vpopescu/projects/ASVspoof/results/combo_AO,0.811464,/home/vpopescu/projects/ASVspoof/results/combo_AO/best_model.keras,/home/vpopescu/projects/ASVspoof/results/combo_AO/final_model.keras,,0.811464
H,/home/vpopescu/projects/ASVspoof/results/combo_H,0.650298,/home/vpopescu/projects/ASVspoof/results/combo_H/best_model.keras,/home/vpopescu/projects/ASVspoof/results/combo_H/final_model.keras,,0.650298
HK,/home/vpopescu/projects/ASVspoof/results/combo_HK,0.688496,/home/vpopescu/projects/ASVspoof/results/combo_HK/best_model.keras,/home/vpopescu/projects/ASVspoof/results/combo_HK/final_model.keras,,0.688496
HKL,/home/vpopescu/projects/ASVspoof/results/combo_HKL,0.700692,/home/vpopescu/projects/ASVspoof/results/combo_HKL/best_model.keras,/home/vpopescu/projects/ASVspoof/results/combo_HKL/final_model.keras,,0.700692
HKLM,/home/vpopescu/projects/ASVspoof/results/combo_HKLM,0.857712,/home/vpopescu/projects/ASVspoof/results/combo_HKLM/best_model.keras,/home/vpopescu/projects/ASVspoof/results/combo_HKLM/final_model.keras,,0.857712
HKLMN,/home/vpopescu/projects/ASVspoof/results/combo_HKLMN,0.913863,/home/vpopescu/projects/ASVspoof/results/combo_HKLMN/best_model.keras,/home/vpopescu/projects/ASVspoof/results/combo_HKLMN/final_model.keras,,0.913863
HKLMNO,/home/vpopescu/projects/ASVspoof/results/combo_HKLMNO,0.95037,/home/vpopescu/projects/ASVspoof/results/combo_HKLMNO/best_model.keras,/home/vpopescu/projects/ASVspoof/results/combo_HKLMNO/final_model.keras,,0.95037
HKLMO,/home/vpopescu/projects/ASVspoof/results/combo_HKLMO,0.938255,/home/vpopescu/projects/ASVspoof/results/combo_HKLMO/best_model.keras,/home/vpopescu/projects/ASVspoof/results/combo_HKLMO/final_model.keras,,0.938255
HKLN,/home/vpopescu/projects/ASVspoof/results/combo_HKLN,0.726976,/home/vpopescu/projects/ASVspoof/results/combo_HKLN/best_model.keras,/home/vpopescu/projects/ASVspoof/results/combo_HKLN/final_model.keras,,0.726976
HKLNO,/home/vpopescu/projects/ASVspoof/results/combo_HKLNO,0.768113,/home/vpopescu/projects/ASVspoof/results/combo_HKLNO/best_model.keras,/home/vpopescu/projects/ASVspoof/results/combo_HKLNO/final_model.keras,,0.768113
HKLO,/home/vpopescu/projects/ASVspoof/results/combo_HKLO,0.763927,/home/vpopescu/projects/ASVspoof/results/combo_HKLO/best_model.keras,/home/vpopescu/projects/ASVspoof/results/combo_HKLO/final_model.keras,,0.763927
HKM,/home/vpopescu/projects/ASVspoof/results/combo_HKM,0.857551,/home/vpopescu/projects/ASVspoof/results/combo_HKM/best_model.keras,/home/vpopescu/projects/ASVspoof/results/combo_HKM/final_model.keras,,0.857551
HKMN,/home/vpopescu/projects/ASVspoof/results/combo_HKMN,0.906819,/home/vpopescu/projects/ASVspoof/results/combo_HKMN/best_model.keras,/home/vpopescu/projects/ASVspoof/results/combo_HKMN/final_model.keras,,0.906819
HKMNO,/home/vpopescu/projects/ASVspoof/results/combo_HKMNO,0.932942,/home/vpopescu/projects/ASVspoof/results/combo_HKMNO/best_model.keras,/home/vpopescu/projects/ASVspoof/results/combo_HKMNO/final_model.keras,,0.932942
HKMO,/home/vpopescu/projects/ASVspoof/results/combo_HKMO,0.922597,/home/vpopescu/projects/ASVspoof/results/combo_HKMO/best_model.keras,/home/vpopescu/projects/ASVspoof/results/combo_HKMO/final_model.keras,,0.922597
HKN,/home/vpopescu/projects/ASVspoof/results/combo_HKN,0.726735,/home/vpopescu/projects/ASVspoof/results/combo_HKN/best_model.keras,/home/vpopescu/projects/ASVspoof/results/combo_HKN/final_model.keras,,0.726735
HKNO,/home/vpopescu/projects/ASVspoof/results/combo_HKNO,0.743399,/home/vpopescu/projects/ASVspoof/results/combo_HKNO/best_model.keras,/home/vpopescu/projects/ASVspoof/results/combo_HKNO/final_model.keras,,0.743399
HKO,/home/vpopescu/projects/ASVspoof/results/combo_HKO,0.748712,/home/vpopescu/projects/ASVspoof/results/combo_HKO/best_model.keras,/home/vpopescu/projects/ASVspoof/results/combo_HKO/final_model.keras,,0.748712
HL,/home/vpopescu/projects/ASVspoof/results/combo_HL,0.642489,/home/vpopescu/projects/ASVspoof/results/combo_HL/best_model.keras,/home/vpopescu/projects/ASVspoof/results/combo_HL/final_model.keras,,0.642489
HLM,/home/vpopescu/projects/ASVspoof/results/combo_HLM,0.843584,/home/vpopescu/projects/ASVspoof/results/combo_HLM/best_model.keras,/home/vpopescu/projects/ASVspoof/results/combo_HLM/final_model.keras,,0.843584
HLMN,/home/vpopescu/projects/ASVspoof/results/combo_HLMN,0.896031,/home/vpopescu/projects/ASVspoof/results/combo_HLMN/best_model.keras,/home/vpopescu/projects/ASVspoof/results/combo_HLMN/final_model.keras,,0.896031
HLMNO,/home/vpopescu/projects/ASVspoof/results/combo_HLMNO,0.941113,/home/vpopescu/projects/ASVspoof/results/combo_HLMNO/best_model.keras,/home/vpopescu/projects/ASVspoof/results/combo_HLMNO/final_model.keras,,0.941113
HLMO,/home/vpopescu/projects/ASVspoof/results/combo_HLMO,0.927186,/home/vpopescu/projects/ASVspoof/results/combo_HLMO/best_model.keras,/home/vpopescu/projects/ASVspoof/results/combo_HLMO/final_model.keras,,0.927186
HLN,/home/vpopescu/projects/ASVspoof/results/combo_HLN,0.721945,/home/vpopescu/projects/ASVspoof/results/combo_HLN/best_model.keras,/home/vpopescu/projects/ASVspoof/results/combo_HLN/final_model.keras,,0.721945
HLNO,/home/vpopescu/projects/ASVspoof/results/combo_HLNO,0.747343,/home/vpopescu/projects/ASVspoof/results/combo_HLNO/best_model.keras,/home/vpopescu/projects/ASVspoof/results/combo_HLNO/final_model.keras,,0.747343
HLO,/home/vpopescu/projects/ASVspoof/results/combo_HLO,0.754226,/home/vpopescu/projects/ASVspoof/results/combo_HLO/best_model.keras,/home/vpopescu/projects/ASVspoof/results/combo_HLO/final_model.keras,,0.754226
HM,/home/vpopescu/projects/ASVspoof/results/combo_HM,0.795001,/home/vpopescu/projects/ASVspoof/results/combo_HM/best_model.keras,/home/vpopescu/projects/ASVspoof/results/combo_HM/final_model.keras,,0.795001
HMN,/home/vpopescu/projects/ASVspoof/results/combo_HMN,0.886411,/home/vpopescu/projects/ASVspoof/results/combo_HMN/best_model.keras,/home/vpopescu/projects/ASVspoof/results/combo_HMN/final_model.keras,,0.886411
HMNO,/home/vpopescu/projects/ASVspoof/results/combo_HMNO,0.928836,/home/vpopescu/projects/ASVspoof/results/combo_HMNO/best_model.keras,/home/vpopescu/projects/ASVspoof/results/combo_HMNO/final_model.keras,,0.928836
HMO,/home/vpopescu/projects/ASVspoof/results/combo_HMO,0.901666,/home/vpopescu/projects/ASVspoof/results/combo_HMO/best_model.keras,/home/vpopescu/projects/ASVspoof/results/combo_HMO/final_model.keras,,0.901666
HN,/home/vpopescu/projects/ASVspoof/results/combo_HN,0.689341,/home/vpopescu/projects/ASVspoof/results/combo_HN/best_model.keras,/home/vpopescu/projects/ASVspoof/results/combo_HN/final_model.keras,,0.689341
HNO,/home/vpopescu/projects/ASVspoof/results/combo_HNO,0.758654,/home/vpopescu/projects/ASVspoof/results/combo_HNO/best_model.keras,/home/vpopescu/projects/ASVspoof/results/combo_HNO/final_model.keras,,0.758654
HO,/home/vpopescu/projects/ASVspoof/results/combo_HO,0.763041,/home/vpopescu/projects/ASVspoof/results/combo_HO/best_model.keras,/home/vpopescu/projects/ASVspoof/results/combo_HO/final_model.keras,,0.763041
K,/home/vpopescu/projects/ASVspoof/results/combo_K,0.483859,/home/vpopescu/projects/ASVspoof/results/combo_K/best_model.keras,/home/vpopescu/projects/ASVspoof/results/combo_K/final_model.keras,,0.483859
KL,/home/vpopescu/projects/ASVspoof/results/combo_KL,0.65058,/home/vpopescu/projects/ASVspoof/results/combo_KL/best_model.keras,/home/vpopescu/projects/ASVspoof/results/combo_KL/final_model.keras,,0.65058
KLM,/home/vpopescu/projects/ASVspoof/results/combo_KLM,0.805506,/home/vpopescu/projects/ASVspoof/results/combo_KLM/best_model.keras,/home/vpopescu/projects/ASVspoof/results/combo_KLM/final_model.keras,,0.805506
KLMN,/home/vpopescu/projects/ASVspoof/results/combo_KLMN,0.893053,/home/vpopescu/projects/ASVspoof/results/combo_KLMN/best_model.keras,/home/vpopescu/projects/ASVspoof/results/combo_KLMN/final_model.keras,,0.893053
KLMNO,/home/vpopescu/projects/ASVspoof/results/combo_KLMNO,0.92952,/home/vpopescu/projects/ASVspoof/results/combo_KLMNO/best_model.keras,/home/vpopescu/projects/ASVspoof/results/combo_KLMNO/final_model.keras,,0.92952
KLMO,/home/vpopescu/projects/ASVspoof/results/combo_KLMO,0.909757,/home/vpopescu/projects/ASVspoof/results/combo_KLMO/best_model.keras,/home/vpopescu/projects/ASVspoof/results/combo_KLMO/final_model.keras,,0.909757
KLN,/home/vpopescu/projects/ASVspoof/results/combo_KLN,0.676864,/home/vpopescu/projects/ASVspoof/results/combo_KLN/best_model.keras,/home/vpopescu/projects/ASVspoof/results/combo_KLN/final_model.keras,,0.676864
KLNO,/home/vpopescu/projects/ASVspoof/results/combo_KLNO,0.74847,/home/vpopescu/projects/ASVspoof/results/combo_KLNO/best_model.keras,/home/vpopescu/projects/ASVspoof/results/combo_KLNO/final_model.keras,,0.74847
KLO,/home/vpopescu/projects/ASVspoof/results/combo_KLO,0.753663,/home/vpopescu/projects/ASVspoof/results/combo_KLO/best_model.keras,/home/vpopescu/projects/ASVspoof/results/combo_KLO/final_model.keras,,0.753663
KM,/home/vpopescu/projects/ASVspoof/results/combo_KM,0.7853,/home/vpopescu/projects/ASVspoof/results/combo_KM/best_model.keras,/home/vpopescu/projects/ASVspoof/results/combo_KM/final_model.keras,,0.7853
KMN,/home/vpopescu/projects/ASVspoof/results/combo_KMN,0.870391,/home/vpopescu/projects/ASVspoof/results/combo_KMN/best_model.keras,/home/vpopescu/projects/ASVspoof/results/combo_KMN/final_model.keras,,0.870391
KMNO,/home/vpopescu/projects/ASVspoof/results/combo_KMNO,0.935236,/home/vpopescu/projects/ASVspoof/results/combo_KMNO/best_model.keras,/home/vpopescu/projects/ASVspoof/results/combo_KMNO/final_model.keras,,0.935236
KMO,/home/vpopescu/projects/ASVspoof/results/combo_KMO,0.883875,/home/vpopescu/projects/ASVspoof/results/combo_KMO/best_model.keras,/home/vpopescu/projects/ASVspoof/results/combo_KMO/final_model.keras,,0.883875
KN,/home/vpopescu/projects/ASVspoof/results/combo_KN,0.607632,/home/vpopescu/projects/ASVspoof/results/combo_KN/best_model.keras,/home/vpopescu/projects/ASVspoof/results/combo_KN/final_model.keras,,0.607632
KNO,/home/vpopescu/projects/ASVspoof/results/combo_KNO,0.738609,/home/vpopescu/projects/ASVspoof/results/combo_KNO/best_model.keras,/home/vpopescu/projects/ASVspoof/results/combo_KNO/final_model.keras,,0.738609
KO,/home/vpopescu/projects/ASVspoof/results/combo_KO,0.731082,/home/vpopescu/projects/ASVspoof/results/combo_KO/best_model.keras,/home/vpopescu/projects/ASVspoof/results/combo_KO/final_model.keras,,0.731082
L,/home/vpopescu/projects/ASVspoof/results/combo_L,0.62172,/home/vpopescu/projects/ASVspoof/results/combo_L/best_model.keras,/home/vpopescu/projects/ASVspoof/results/combo_L/final_model.keras,,0.62172
LM,/home/vpopescu/projects/ASVspoof/results/combo_LM,0.789245,/home/vpopescu/projects/ASVspoof/results/combo_LM/best_model.keras,/home/vpopescu/projects/ASVspoof/results/combo_LM/final_model.keras,,0.789245
LMN,/home/vpopescu/projects/ASVspoof/results/combo_LMN,0.877395,/home/vpopescu/projects/ASVspoof/results/combo_LMN/best_model.keras,/home/vpopescu/projects/ASVspoof/results/combo_LMN/final_model.keras,,0.877395
LMNO,/home/vpopescu/projects/ASVspoof/results/combo_LMNO,0.939301,/home/vpopescu/projects/ASVspoof/results/combo_LMNO/best_model.keras,/home/vpopescu/projects/ASVspoof/results/combo_LMNO/final_model.keras,,0.939301
LMO,/home/vpopescu/projects/ASVspoof/results/combo_LMO,0.899251,/home/vpopescu/projects/ASVspoof/results/combo_LMO/best_model.keras,/home/vpopescu/projects/ASVspoof/results/combo_LMO/final_model.keras,,0.899251
LN,/home/vpopescu/projects/ASVspoof/results/combo_LN,0.699163,/home/vpopescu/projects/ASVspoof/results/combo_LN/best_model.keras,/home/vpopescu/projects/ASVspoof/results/combo_LN/final_model.keras,,0.699163
LNO,/home/vpopescu/projects/ASVspoof/results/combo_LNO,0.74364,/home/vpopescu/projects/ASVspoof/results/combo_LNO/best_model.keras,/home/vpopescu/projects/ASVspoof/results/combo_LNO/final_model.keras,,0.74364
LO,/home/vpopescu/projects/ASVspoof/results/combo_LO,0.736717,/home/vpopescu/projects/ASVspoof/results/combo_LO/best_model.keras,/home/vpopescu/projects/ASVspoof/results/combo_LO/final_model.keras,,0.736717
M,/home/vpopescu/projects/ASVspoof/results/combo_M,0.787192,/home/vpopescu/projects/ASVspoof/results/combo_M/best_model.keras,/home/vpopescu/projects/ASVspoof/results/combo_M/final_model.keras,,0.787192
MN,/home/vpopescu/projects/ASVspoof/results/combo_MN,0.865682,/home/vpopescu/projects/ASVspoof/results/combo_MN/best_model.keras,/home/vpopescu/projects/ASVspoof/results/combo_MN/final_model.keras,,0.865682
MNO,/home/vpopescu/projects/ASVspoof/results/combo_MNO,0.925857,/home/vpopescu/projects/ASVspoof/results/combo_MNO/best_model.keras,/home/vpopescu/projects/ASVspoof/results/combo_MNO/final_model.keras,,0.925857
MO,/home/vpopescu/projects/ASVspoof/results/combo_MO,0.891684,/home/vpopescu/projects/ASVspoof/results/combo_MO/best_model.keras,/home/vpopescu/projects/ASVspoof/results/combo_MO/final_model.keras,,0.891684
N,/home/vpopescu/projects/ASVspoof/results/combo_N,0.528297,/home/vpopescu/projects/ASVspoof/results/combo_N/best_model.keras,/home/vpopescu/projects/ASVspoof/results/combo_N/final_model.keras,,0.528297
NO,/home/vpopescu/projects/ASVspoof/results/combo_NO,0.734141,/home/vpopescu/projects/ASVspoof/results/combo_NO/best_model.keras,/home/vpopescu/projects/ASVspoof/results/combo_NO/final_model.keras,,0.734141
O,/home/vpopescu/projects/ASVspoof/results/combo_O,0.720053,/home/vpopescu/projects/ASVspoof/results/combo_O/best_model.keras,/home/vpopescu/projects/ASVspoof/results/combo_O/final_model.keras,,0.720053
